source_markdown,image_ref
content/post/Achieving SRE on Azure.md,../images/2023-09-09_19-52-47.png
content/post/Achieving SRE on Azure.md,../images/2023-09-09_19-54-09.png
content/post/Achieving SRE on Azure.md,../images/2023-09-09_19-55-13.png
content/post/Achieving SRE on Azure.md,../images/2023-09-09_20-48-40.png
content/post/Achieving SRE on Azure.md,../images/2023-09-09_20-50-35.png
content/post/Achieving SRE on Azure.md,../images/2023-09-09_20-51-22.png
content/post/Achieving SRE on Azure.md,../images/2023-09-09_20-51-38.png
content/post/Achieving SRE on Azure.md,../images/2023-09-09_20-52-09.png
content/post/Achieving SRE on Azure.md,../images/2023-09-09_21-01-24.png
content/post/Achieving SRE on Azure.md,../images/2023-09-09_21-01-43.png
content/post/Achieving SRE on Azure.md,../images/2023-09-09_21-02-12.png
content/post/Achieving SRE on Azure.md,../images/2023-09-09_21-02-40.png
content/post/Achieving SRE on Azure.md,../images/2023-09-09_21-02-51.png
content/post/Achieving SRE on Azure.md,../images/2023-09-09_21-03-33.png
content/post/Achieving SRE on Azure.md,../images/Azure_rectangular_logo_without_background.png
content/post/Achieving SRE on Azure.md,../images/buy_me_a_coffee.png
content/post/AzCopy failing in Azure DevOps.md,../images/2020-12-14_1.jpg
content/post/AzCopy failing in Azure DevOps.md,../images/2020-12-14_2.jpg
content/post/AzCopy failing in Azure DevOps.md,../images/2020-12-14_3.jpg
content/post/AzCopy failing in Azure DevOps.md,../images/2020-12-14_4.jpg
content/post/AzCopy failing in Azure DevOps.md,../images/2020-12-14_5.jpg
content/post/AzCopy failing in Azure DevOps.md,../images/2020-12-14_6.jpg
content/post/AzCopy failing in Azure DevOps.md,../images/2020-12-14_6.jpg
content/post/Azure Spring Clean - Application Insights - Inside Out.md,../images/AzureSpringClean2025-logo.png
content/post/Azure Spring Clean - Application Insights - Inside Out.md,../images/Screenshot 2025-03-07 060247.png
content/post/Azure Spring Clean - Application Insights - Inside Out.md,../images/buy_me_a_coffee.png
content/post/Azure Spring Clean - Application Insights - Inside Out.md,../images/tollbooth.png
content/post/Azure Spring Clean - Demystifying Service Principal and Managed Identities.md,../images/2021-01-12-01.jpg
content/post/Azure Spring Clean - Demystifying Service Principal and Managed Identities.md,../images/2021-01-12-02.jpg
content/post/Azure Spring Clean - Demystifying Service Principal and Managed Identities.md,../images/2021-01-12-03.jpg
content/post/Azure Spring Clean - Demystifying Service Principal and Managed Identities.md,../images/2021-01-12-04.jpg
content/post/Azure Spring Clean - Demystifying Service Principal and Managed Identities.md,../images/2021-01-12-05.jpg
content/post/Azure Spring Clean - Demystifying Service Principal and Managed Identities.md,../images/2021-01-12-06.jpg
content/post/Azure Spring Clean - Demystifying Service Principal and Managed Identities.md,../images/2021-01-12-07.jpg
content/post/Azure Spring Clean - Demystifying Service Principal and Managed Identities.md,../images/2021-01-12-08.jpg
content/post/Azure Spring Clean - Demystifying Service Principal and Managed Identities.md,../images/2021-01-12-09.jpg
content/post/Azure Spring Clean - Demystifying Service Principal and Managed Identities.md,../images/2021-01-12-10.jpg
content/post/Azure Spring Clean - Demystifying Service Principal and Managed Identities.md,../images/AzureSpringClean-logo.png
content/post/Azure Spring Clean - DevSecOps and Shifting Left to publish secure software.md,../images/2022-03-17-02.png
content/post/Azure Spring Clean - DevSecOps and Shifting Left to publish secure software.md,../images/2022-03-17-03.png
content/post/Azure Spring Clean - DevSecOps and Shifting Left to publish secure software.md,../images/2022-03-17-04.png
content/post/Azure Spring Clean - DevSecOps and Shifting Left to publish secure software.md,../images/2022-03-17-05.png
content/post/Azure Spring Clean - DevSecOps and Shifting Left to publish secure software.md,../images/2022-03-17-06.png
content/post/Azure Spring Clean - DevSecOps and Shifting Left to publish secure software.md,../images/AzureSpringClean-logo.png
content/post/Azure Strategy - Reviewing done.md,../images/buy_me_a_coffee.png
content/post/Azure Strategy - Reviewing done.md,../images/ebook_Azure_Strategy_and_Implementation_Guide.png
content/post/Azure-back-to-school.md,../images/2020-09-13_01.png
content/post/Azure_is_100%_high_available.md,../images/2020-06-14-1.jpg
content/post/Azure_is_100%_high_available.md,../images/2020-06-14-10.jpg
content/post/Azure_is_100%_high_available.md,../images/2020-06-14-2.jpg
content/post/Azure_is_100%_high_available.md,../images/2020-06-14-3.jpg
content/post/Azure_is_100%_high_available.md,../images/2020-06-14-4.jpg
content/post/Azure_is_100%_high_available.md,../images/2020-06-14-5.jpg
content/post/Azure_is_100%_high_available.md,../images/2020-06-14-6.jpg
content/post/Azure_is_100%_high_available.md,../images/2020-06-14-7.jpg
content/post/Azure_is_100%_high_available.md,../images/2020-06-14-8.jpg
content/post/Azure_is_100%_high_available.md,../images/2020-06-14-9.jpg
content/post/Book Review - Azure Cookbook.md,../images/2024-12-26-01.jpg
content/post/Book Review - Azure Cookbook.md,../images/2024-12-26-02.jpg
content/post/Book Review - Azure Cookbook.md,../images/buy_me_a_coffee.png
content/post/Build an Azure AI chatbot using your own data in blob storage.md,../images/2023-08-14_20-07-57.png
content/post/Build an Azure AI chatbot using your own data in blob storage.md,../images/2023-08-14_20-09-06.png
content/post/Build an Azure AI chatbot using your own data in blob storage.md,../images/2023-08-14_20-12-14.png
content/post/Build an Azure AI chatbot using your own data in blob storage.md,../images/2023-08-14_20-12-39.png
content/post/Build an Azure AI chatbot using your own data in blob storage.md,../images/2023-08-14_20-13-16.png
content/post/Build an Azure AI chatbot using your own data in blob storage.md,../images/2023-08-14_20-13-36.png
content/post/Build an Azure AI chatbot using your own data in blob storage.md,../images/2023-08-14_20-14-47.png
content/post/Build an Azure AI chatbot using your own data in blob storage.md,../images/2023-08-14_20-15-06.png
content/post/Build an Azure AI chatbot using your own data in blob storage.md,../images/2023-08-14_20-22-04.png
content/post/Build an Azure AI chatbot using your own data in blob storage.md,../images/2023-08-14_20-28-37.png
content/post/Build an Azure AI chatbot using your own data in blob storage.md,../images/2023-08-14_20-54-19.png
content/post/Build an Azure AI chatbot using your own data in blob storage.md,../images/2023-08-14_20-55-34.png
content/post/Build an Azure AI chatbot using your own data in blob storage.md,../images/2023-08-14_20-56-25.png
content/post/Build an Azure AI chatbot using your own data in blob storage.md,../images/2023-08-14_21-30-22.png
content/post/Build an Azure AI chatbot using your own data in blob storage.md,../images/2023-08-14_21-30-22.png
content/post/Build an Azure AI chatbot using your own data in blob storage.md,../images/2023-08-14_21-42-43.png
content/post/Build an Azure AI chatbot using your own data in blob storage.md,../images/2023-08-14_21-43-28.png
content/post/Build an Azure AI chatbot using your own data in blob storage.md,../images/2023-08-14_21-59-31.png
content/post/Build an Azure AI chatbot using your own data in blob storage.md,../images/2023-08-14_22-00-05.png
content/post/Build an Azure AI chatbot using your own data in blob storage.md,../images/buy_me_a_coffee.png
content/post/Building a Marvel Hero app with Blazor .NET8.md,../images//07a00ae95a0f1548ac84f149b11ccd34.png
content/post/Building a Marvel Hero app with Blazor .NET8.md,../images//1bd1ddddd3602c3ba2d84b540da393aa.png
content/post/Building a Marvel Hero app with Blazor .NET8.md,../images//291538dda0fbb66c1ccc93f67b3ed263.png
content/post/Building a Marvel Hero app with Blazor .NET8.md,../images//33d3c7a7c6df44851c787ad147d4904e.png
content/post/Building a Marvel Hero app with Blazor .NET8.md,../images//3910c87d613034cbd0c9ed1392dfda7b.png
content/post/Building a Marvel Hero app with Blazor .NET8.md,../images//3bb34b057bc24ab07c3280a90a41e829.png
content/post/Building a Marvel Hero app with Blazor .NET8.md,../images//4082873f68fc45f018526dcce23ec2b7.png
content/post/Building a Marvel Hero app with Blazor .NET8.md,../images//420cbce0770a41dc39ddf2184948363e.png
content/post/Building a Marvel Hero app with Blazor .NET8.md,../images//445529556f9af96a20cecb08dee76707.png
content/post/Building a Marvel Hero app with Blazor .NET8.md,../images//44856923dff937c6cad7d953b046c1bd.png
content/post/Building a Marvel Hero app with Blazor .NET8.md,../images//46aac649d4ecfb4be03d1ce021141274.png
content/post/Building a Marvel Hero app with Blazor .NET8.md,../images//4d09932a92c0b020a566940e79741aeb.png
content/post/Building a Marvel Hero app with Blazor .NET8.md,../images//4f749b51a5d1bdf6d51e81f614c8d72a.png
content/post/Building a Marvel Hero app with Blazor .NET8.md,../images//51bf9482699dc85b868b603bab0406d8.png
content/post/Building a Marvel Hero app with Blazor .NET8.md,../images//57bc3634f004877c8cff9942d9e6e8d3.png
content/post/Building a Marvel Hero app with Blazor .NET8.md,../images//6ace0a137db04fd541e730b90bf18a42.png
content/post/Building a Marvel Hero app with Blazor .NET8.md,../images//71e0fdcd38b8f4e3df22af93a6c04215.png
content/post/Building a Marvel Hero app with Blazor .NET8.md,../images//756a5b2424f865b6cf86eefab8492d2e.png
content/post/Building a Marvel Hero app with Blazor .NET8.md,../images//765fda402ec958a1267c45c8d15592df.png
content/post/Building a Marvel Hero app with Blazor .NET8.md,../images//7840c5de3eda79f2d196079bc0081756.png
content/post/Building a Marvel Hero app with Blazor .NET8.md,../images//7ce7af6f54af8a7aee9535ff23b92e47.png
content/post/Building a Marvel Hero app with Blazor .NET8.md,../images//7d89901490cd8ae277355c130085551f.png
content/post/Building a Marvel Hero app with Blazor .NET8.md,../images//934083c32d1deed78048f9f953f85869.png
content/post/Building a Marvel Hero app with Blazor .NET8.md,../images//97f08b3e40277869ee85a42fa0d2a343.png
content/post/Building a Marvel Hero app with Blazor .NET8.md,../images//9883c08decac6bffde5cb763539b953f.png
content/post/Building a Marvel Hero app with Blazor .NET8.md,../images//a7dd9d49c1402deb787b6ab792a0fb38.png
content/post/Building a Marvel Hero app with Blazor .NET8.md,../images//aebf1488e59ba401c5c69708ed8b2958.png
content/post/Building a Marvel Hero app with Blazor .NET8.md,../images//b2a599d62eb62f38570ce2865d97a8a0.png
content/post/Building a Marvel Hero app with Blazor .NET8.md,../images//b3aab53a282e9d00b58ba5c91e81afa0.png
content/post/Building a Marvel Hero app with Blazor .NET8.md,../images//ba208857aa01b6d744c79606a7a76b53.png
content/post/Building a Marvel Hero app with Blazor .NET8.md,../images//d9276771ac7e7f6fb7800724605797cc.png
content/post/Building a Marvel Hero app with Blazor .NET8.md,../images//d9552cc8c4ec1ff4e0f2e32a767a4f42.png
content/post/Building a Marvel Hero app with Blazor .NET8.md,../images//da5cda0e73ed46fcc4274becc2f4a30e.png
content/post/Building a Marvel Hero app with Blazor .NET8.md,../images//e28cd81c4d68ae3560000e3a047e15f9.png
content/post/Building a Marvel Hero app with Blazor .NET8.md,../images//fc2a542cfdbca3fb86519841f3f53999.png
content/post/Building a Marvel Hero app with Blazor .NET8.md,../images/2024-05-17-215846.png
content/post/Building a Marvel Hero app with Blazor .NET8.md,../images/2024-05-17-220528.png
content/post/Building a Marvel Hero app with Blazor .NET8.md,../images/2024-05-17-220807.png
content/post/Building a Marvel Hero app with Blazor .NET8.md,../images/2024-05-17-221303.png
content/post/Building a Marvel Hero app with Blazor .NET8.md,../images/2024-05-17-221457.png
content/post/Building a Marvel Hero app with Blazor .NET8.md,../images/2024-05-17-221614.png
content/post/Building a Marvel Hero app with Blazor .NET8.md,../images/2024-05-17-221738.png
content/post/Building a Marvel Hero app with Blazor .NET8.md,../images/2024-05-18-090106.png
content/post/Building a Marvel Hero app with Blazor .NET8.md,../images/2024-05-18-090244.png
content/post/Building a Marvel Hero app with Blazor .NET8.md,../images/2024-05-18-090439.png
content/post/Building a Marvel Hero app with Blazor .NET8.md,../images/2024-05-18-091910.png
content/post/Building a Marvel Hero app with Blazor .NET8.md,../images/2024-05-18-093043.png
content/post/Building a Marvel Hero app with Blazor .NET8.md,../images/2024-05-18-093311.png
content/post/Building a Marvel Hero app with Blazor .NET8.md,../images/2024-05-18-094323.png
content/post/Building a Marvel Hero app with Blazor .NET8.md,../images/2024-05-18-094655.png
content/post/Building a Marvel Hero app with Blazor .NET8.md,../images/2024-05-18-094850.png
content/post/Building a Marvel Hero app with Blazor .NET8.md,../images/2024-05-18-095009.png
content/post/Building a Marvel Hero app with Blazor .NET8.md,../images/2024-05-18-095912.png
content/post/Building a Marvel Hero app with Blazor .NET8.md,../images/2024-05-18-124041.png
content/post/Building a Marvel Hero app with Blazor .NET8.md,../images/2024-05-18-124637.png
content/post/Building a Marvel Hero app with Blazor .NET8.md,../images/88a6f657a0adfca57021b3606066f8db.png
content/post/Building a Marvel Hero app with Blazor .NET8.md,../images/buy_me_a_coffee.png
content/post/Building a Marvel Hero app with Blazor .NET8.md,../images/d0be33cb6858972b3c00724c40f485e3.png
content/post/Building a Marvel Hero app with Blazor .NET8.md,@($
content/post/Building a Marvel Hero app with Blazor .NET8.md,@($
content/post/Building your first Blazor .NET8 app - MSTS Summit companion.md,../images//1bd1ddddd3602c3ba2d84b540da393aa.png
content/post/Building your first Blazor .NET8 app - MSTS Summit companion.md,../images//291538dda0fbb66c1ccc93f67b3ed263.png
content/post/Building your first Blazor .NET8 app - MSTS Summit companion.md,../images//3910c87d613034cbd0c9ed1392dfda7b.png
content/post/Building your first Blazor .NET8 app - MSTS Summit companion.md,../images//420cbce0770a41dc39ddf2184948363e.png
content/post/Building your first Blazor .NET8 app - MSTS Summit companion.md,../images//756a5b2424f865b6cf86eefab8492d2e.png
content/post/Building your first Blazor .NET8 app - MSTS Summit companion.md,../images//765fda402ec958a1267c45c8d15592df.png
content/post/Building your first Blazor .NET8 app - MSTS Summit companion.md,../images//7d89901490cd8ae277355c130085551f.png
content/post/Building your first Blazor .NET8 app - MSTS Summit companion.md,../images//97f08b3e40277869ee85a42fa0d2a343.png
content/post/Building your first Blazor .NET8 app - MSTS Summit companion.md,../images//ba208857aa01b6d744c79606a7a76b53.png
content/post/Building your first Blazor .NET8 app - MSTS Summit companion.md,../images//da5cda0e73ed46fcc4274becc2f4a30e.png
content/post/Building your first Blazor .NET8 app - MSTS Summit companion.md,../images/2024-05-17-215846.png
content/post/Building your first Blazor .NET8 app - MSTS Summit companion.md,../images/2024-05-17-220528.png
content/post/Building your first Blazor .NET8 app - MSTS Summit companion.md,../images/2024-05-17-220807.png
content/post/Building your first Blazor .NET8 app - MSTS Summit companion.md,../images/2024-05-30-144007.png
content/post/Building your first Blazor .NET8 app - MSTS Summit companion.md,../images/2024-05-30-144054.png
content/post/Building your first Blazor .NET8 app - MSTS Summit companion.md,../images/2024-05-31-104800.png
content/post/Building your first Blazor .NET8 app - MSTS Summit companion.md,../images/2024-05-31-134607.png
content/post/Building your first Blazor .NET8 app - MSTS Summit companion.md,../images/2024-05-31-134900.png
content/post/Building your first Blazor .NET8 app - MSTS Summit companion.md,../images/2024-05-31-140107.png
content/post/Building your first Blazor .NET8 app - MSTS Summit companion.md,../images/2024-05-31-140601.png
content/post/Building your first Blazor .NET8 app - MSTS Summit companion.md,../images/2024-05-31-142001.png
content/post/Building your first Blazor .NET8 app - MSTS Summit companion.md,../images/2024-05-31-142205.png
content/post/Building your first Blazor .NET8 app - MSTS Summit companion.md,../images/2024-05-31-142604.png
content/post/Building your first Blazor .NET8 app - MSTS Summit companion.md,../images/2024-05-31-143104.png
content/post/Building your first Blazor .NET8 app - MSTS Summit companion.md,../images/2024-05-31-144809.png
content/post/Building your first Blazor .NET8 app - MSTS Summit companion.md,../images/buy_me_a_coffee.png
content/post/Coding apps in Blazor from a non-developer - Part 2.md,../images/2021-11-07_01.png
content/post/Coding apps in Blazor from a non-developer - Part 2.md,../images/2021-11-07_02.png
content/post/Coding apps in Blazor from a non-developer - Part 2.md,../images/2021-11-07_03.png
content/post/Coding apps in Blazor from a non-developer - Part 2.md,../images/2021-11-07_04.png
content/post/Coding apps in Blazor from a non-developer - Part 2.md,../images/2021-11-07_05.png
content/post/Coding apps in Blazor from a non-developer - Part 2.md,../images/2021-11-07_06.png
content/post/Coding apps in Blazor from a non-developer - Part 2.md,../images/2021-11-07_07.png
content/post/Coding apps in Blazor from a non-developer - Part 2.md,../images/2021-11-07_08.png
content/post/Coding apps in Blazor from a non-developer - Part 2.md,../images/2021-11-07_09.png
content/post/Coding apps in Blazor from a non-developer - Part 2.md,../images/2021-11-07_10.png
content/post/Coding apps in Blazor from a non-developer - Part 2.md,../images/2021-11-07_11.png
content/post/Coding apps in Blazor from a non-developer - Part 2.md,../images/buy_me_a_coffee.png
content/post/Coding apps in Blazor from a non-developer.md,../images/2021-09-06_01.png
content/post/Coding apps in Blazor from a non-developer.md,../images/2021-09-06_02.png
content/post/Coding apps in Blazor from a non-developer.md,../images/2021-09-06_03.png
content/post/Coding apps in Blazor from a non-developer.md,../images/2021-09-06_04.png
content/post/Coding apps in Blazor from a non-developer.md,../images/buy_me_a_coffee.png
content/post/Collecting Feedback in ADO work items from Office Forms.md,../images/2023-03-26_18-51-25.png
content/post/Collecting Feedback in ADO work items from Office Forms.md,../images/2023-03-26_19-00-24.png
content/post/Collecting Feedback in ADO work items from Office Forms.md,../images/2023-03-26_19-02-11.png
content/post/Collecting Feedback in ADO work items from Office Forms.md,../images/2023-03-26_19-04-30.png
content/post/Collecting Feedback in ADO work items from Office Forms.md,../images/2023-03-26_19-09-30.png
content/post/Collecting Feedback in ADO work items from Office Forms.md,../images/2023-03-26_19-13-39.png
content/post/Collecting Feedback in ADO work items from Office Forms.md,../images/2023-03-26_19-22-57.png
content/post/Collecting Feedback in ADO work items from Office Forms.md,../images/2023-03-26_19-42-26.png
content/post/Collecting Feedback in ADO work items from Office Forms.md,../images/2023-03-26_19-43-34.png
content/post/Collecting Feedback in ADO work items from Office Forms.md,../images/2023-03-26_19-50-47.png
content/post/Collecting Feedback in ADO work items from Office Forms.md,../images/2023-03-26_20-28-02.png
content/post/Collecting Feedback in ADO work items from Office Forms.md,../images/2023-03-26_20-30-02.png
content/post/Collecting Feedback in ADO work items from Office Forms.md,../images/2023-03-26_20-32-57.png
content/post/Collecting Feedback in ADO work items from Office Forms.md,../images/2023-03-26_20-34-42.png
content/post/Collecting Feedback in ADO work items from Office Forms.md,../images/2023-03-26_20-41-17.png
content/post/Collecting Feedback in ADO work items from Office Forms.md,../images/2023-03-26_20-44-52.png
content/post/Collecting Feedback in ADO work items from Office Forms.md,../images/2023-03-26_20-49-10.png
content/post/Collecting Feedback in ADO work items from Office Forms.md,../images/2023-03-26_20-51-48.png
content/post/Collecting Feedback in ADO work items from Office Forms.md,../images/2023-03-26_20-57-17.png
content/post/Collecting Feedback in ADO work items from Office Forms.md,../images/2023-03-26_20-58-49.png
content/post/Collecting Feedback in ADO work items from Office Forms.md,../images/2023-03-26_21-03-52.png
content/post/Collecting Feedback in ADO work items from Office Forms.md,../images/2023-03-26_21-06-40.png
content/post/Collecting Feedback in ADO work items from Office Forms.md,../images/2023-03-26_21-08-20.png
content/post/Collecting Feedback in ADO work items from Office Forms.md,../images/2023-03-26_21-12-16.png
content/post/Collecting Feedback in ADO work items from Office Forms.md,../images/2023-03-26_21-13-52.png
content/post/Collecting Feedback in ADO work items from Office Forms.md,../images/23-03-26_20-42-29.png
content/post/Collecting Feedback in ADO work items from Office Forms.md,../images/buy_me_a_coffee.png
"content/post/DCK, ACR, ACI, AKS, ACA, the Azure Container Alphabet Soup.md",../images/2023-03-15_20-27-44.png
"content/post/DCK, ACR, ACI, AKS, ACA, the Azure Container Alphabet Soup.md",../images/2023-03-15_20-29-53.png
"content/post/DCK, ACR, ACI, AKS, ACA, the Azure Container Alphabet Soup.md",../images/2023-03-15_20-34-12.png
"content/post/DCK, ACR, ACI, AKS, ACA, the Azure Container Alphabet Soup.md",../images/2023-03-15_20-45-44.png
"content/post/DCK, ACR, ACI, AKS, ACA, the Azure Container Alphabet Soup.md",../images/2023-03-15_20-47-20.png
"content/post/DCK, ACR, ACI, AKS, ACA, the Azure Container Alphabet Soup.md",../images/2023-03-16_21-02-24.png
"content/post/DCK, ACR, ACI, AKS, ACA, the Azure Container Alphabet Soup.md",../images/2023-03-16_21-06-01.png
"content/post/DCK, ACR, ACI, AKS, ACA, the Azure Container Alphabet Soup.md",../images/2023-03-16_21-14-20.png
"content/post/DCK, ACR, ACI, AKS, ACA, the Azure Container Alphabet Soup.md",../images/AzureSpringClean2023-logo.png
"content/post/DCK, ACR, ACI, AKS, ACA, the Azure Container Alphabet Soup.md",../images/buy_me_a_coffee.png
content/post/Deploying (or migrating) a Hugo blog on Azure Static Web Apps.md,../images/2022-10-29_16-00-12.png
content/post/Deploying (or migrating) a Hugo blog on Azure Static Web Apps.md,../images/2022-10-29_16-00-52.png
content/post/Deploying (or migrating) a Hugo blog on Azure Static Web Apps.md,../images/2022-10-29_16-01-35.png
content/post/Deploying (or migrating) a Hugo blog on Azure Static Web Apps.md,../images/2022-10-29_16-02-07.png
content/post/Deploying (or migrating) a Hugo blog on Azure Static Web Apps.md,../images/2022-10-29_16-16-03.png
content/post/Deploying (or migrating) a Hugo blog on Azure Static Web Apps.md,../images/2022-10-29_16-19-10.png
content/post/Deploying (or migrating) a Hugo blog on Azure Static Web Apps.md,../images/2022-10-29_16-21-54.png
content/post/Deploying (or migrating) a Hugo blog on Azure Static Web Apps.md,../images/2022-10-29_16-23-49.png
content/post/Deploying (or migrating) a Hugo blog on Azure Static Web Apps.md,../images/2022-10-29_16-25-07.png
content/post/Deploying (or migrating) a Hugo blog on Azure Static Web Apps.md,../images/2022-10-29_16-29-24.png
content/post/Deploying (or migrating) a Hugo blog on Azure Static Web Apps.md,../images/2022-10-29_16-49-47.png
content/post/Deploying (or migrating) a Hugo blog on Azure Static Web Apps.md,../images/2022-10-29_16-52-54.png
content/post/Deploying (or migrating) a Hugo blog on Azure Static Web Apps.md,../images/2022-10-29_16-53-41.png
content/post/Deploying (or migrating) a Hugo blog on Azure Static Web Apps.md,../images/2022-10-29_16-56-32.png
content/post/Deploying (or migrating) a Hugo blog on Azure Static Web Apps.md,../images/2022-10-29_16-59-05.png
content/post/Deploying (or migrating) a Hugo blog on Azure Static Web Apps.md,../images/buy_me_a_coffee.png
content/post/Deploying Blazor Apps using dotnet commandline.md,../images/2021-11-08_01.png
content/post/Deploying Blazor Apps using dotnet commandline.md,../images/2021-11-08_02.png
content/post/Deploying Blazor Apps using dotnet commandline.md,../images/2021-11-08_03.png
content/post/Deploying Blazor Apps using dotnet commandline.md,../images/2021-11-08_04.png
content/post/Deploying Blazor Apps using dotnet commandline.md,../images/2021-11-08_05.png
content/post/Deploying Blazor Apps using dotnet commandline.md,../images/2021-11-08_06.png
content/post/Deploying Blazor Apps using dotnet commandline.md,../images/2021-11-08_07.png
content/post/Deploying Blazor Apps using dotnet commandline.md,../images/2021-11-08_08.png
content/post/Deploying Blazor Apps using dotnet commandline.md,../images/2021-11-08_09.png
content/post/Deploying Blazor Apps using dotnet commandline.md,../images/2021-11-08_10.png
content/post/Deploying Blazor Apps using dotnet commandline.md,../images/2021-11-08_11.png
content/post/Deploying Blazor Apps using dotnet commandline.md,../images/2021-11-08_12.png
content/post/Deploying Blazor Apps using dotnet commandline.md,../images/2021-11-08_13.png
content/post/Deploying Blazor Apps using dotnet commandline.md,../images/2021-11-08_14.png
content/post/Deploying Blazor Apps using dotnet commandline.md,../images/2021-11-08_15.png
content/post/Deploying Blazor Apps using dotnet commandline.md,../images/buy_me_a_coffee.png
content/post/DevOps Workflow Generator.md,../images/2022-03-26_15-58-28.png
content/post/DevOps Workflow Generator.md,../images/2022-03-26_15-58-55.png
content/post/DevOps Workflow Generator.md,../images/2022-03-26_15-59-53.png
content/post/DevOps Workflow Generator.md,../images/2022-03-26_16-00-07.png
content/post/DevOps Workflow Generator.md,../images/2022-03-26_16-07-28.png
content/post/DevOps Workflow Generator.md,../images/2022-03-26_16-07-28.png
content/post/DevOps Workflow Generator.md,../images/buy_me_a_coffee.png
content/post/Devops-for-dummies-review.md,../images/2020-08-22_01.png
content/post/Devops-for-dummies-review.md,../images/2020-08-22_02.jpg
content/post/Dotnet tool install dotnet-ef failing with unauthorized.md,../images/2020-12-27_1.jpg
content/post/Dotnet tool install dotnet-ef failing with unauthorized.md,../images/2020-12-27_2.jpg
content/post/Dotnet tool install dotnet-ef failing with unauthorized.md,../images/2020-12-27_3.jpg
content/post/Dotnet tool install dotnet-ef failing with unauthorized.md,../images/2020-12-27_4.jpg
content/post/Dotnet tool install dotnet-ef failing with unauthorized.md,../images/2020-12-27_5.jpg
content/post/Dotnet tool install dotnet-ef failing with unauthorized.md,../images/buy_me_a_coffee.png
content/post/Festive 2023 OCR On Steroids.md,../images/azureai_ocr_ComputerVision.png
content/post/Festive 2023 OCR On Steroids.md,../images/azureai_ocr_Slide12.PNG
content/post/Festive 2023 OCR On Steroids.md,../images/azureai_ocr_Slide20.PNG
content/post/Festive 2023 OCR On Steroids.md,../images/azureai_ocr_Slide6.PNG
content/post/Festive 2023 OCR On Steroids.md,../images/azureai_ocr_Slide8.PNG
content/post/Festive 2023 OCR On Steroids.md,../images/azureai_ocr_boundbox.png
content/post/Festive 2023 OCR On Steroids.md,../images/azureai_ocr_custom_labeldata.png
content/post/Festive 2023 OCR On Steroids.md,../images/azureai_ocr_custommodelproject.png
content/post/Festive 2023 OCR On Steroids.md,../images/azureai_ocr_docintel.png
content/post/Festive 2023 OCR On Steroids.md,../images/azureai_ocr_docintel_custom.png
content/post/Festive 2023 OCR On Steroids.md,../images/azureai_ocr_docintelstudio.png
content/post/Festive 2023 OCR On Steroids.md,../images/azureai_ocr_docker_ready.png
content/post/Festive 2023 OCR On Steroids.md,../images/azureai_ocr_handwrittennotes.png
content/post/Festive 2023 OCR On Steroids.md,../images/azureai_ocr_invoice.png
content/post/Festive 2023 OCR On Steroids.md,../images/azureai_ocr_invoice_analysis.png
content/post/Festive 2023 OCR On Steroids.md,../images/azureai_ocr_invoice_analysis_json.png
content/post/Festive 2023 OCR On Steroids.md,../images/azureai_ocr_jsonresponse.png
content/post/Festive 2023 OCR On Steroids.md,../images/azureai_ocr_prebuiltmodels.png
content/post/Festive 2023 OCR On Steroids.md,../images/azureai_ocr_readapi_requestbody.png
content/post/Festive 2023 OCR On Steroids.md,../images/azureai_ocr_readapi_response.png
content/post/Festive 2023 OCR On Steroids.md,../images/azureai_ocr_swagger.png
content/post/Festive 2023 OCR On Steroids.md,../images/buy_me_a_coffee.png
content/post/Festive 2023 OCR On Steroids.md,../images/festive_2023.jpg
content/post/Festive 2023 OCR On Steroids.md,../images/ocr_on_steroids_copilot.png
content/post/Generate Azure JWT Token in Copilot Studio.md,../images/08-10-2025-01.png
content/post/Generate Azure JWT Token in Copilot Studio.md,../images/08-10-2025-02.png
content/post/Generate Azure JWT Token in Copilot Studio.md,../images/08-10-2025-03.png
content/post/Generate Azure JWT Token in Copilot Studio.md,../images/08-10-2025-04.png
content/post/Generate Azure JWT Token in Copilot Studio.md,../images/08-10-2025-05.png
content/post/Generate Azure JWT Token in Copilot Studio.md,../images/08-10-2025-06.png
content/post/Generate Azure JWT Token in Copilot Studio.md,../images/08-10-2025-07.png
content/post/Generate Azure JWT Token in Copilot Studio.md,../images/08-10-2025-08.png
content/post/Generate Azure JWT Token in Copilot Studio.md,../images/08-10-2025-09.png
content/post/Generate Azure JWT Token in Copilot Studio.md,../images/08-10-2025-10.png
content/post/Generate Azure JWT Token in Copilot Studio.md,../images/08-10-2025-11.png
content/post/Generate Azure JWT Token in Copilot Studio.md,../images/08-10-2025-12.png
content/post/Generate Azure JWT Token in Copilot Studio.md,../images/08-10-2025-13.png
content/post/Generate Azure JWT Token in Copilot Studio.md,../images/08-10-2025-14.png
content/post/Generate Azure JWT Token in Copilot Studio.md,../images/08-10-2025-15.png
content/post/Generate Azure JWT Token in Copilot Studio.md,../images/08-10-2025-16.png
content/post/Generate Azure JWT Token in Copilot Studio.md,../images/buy_me_a_coffee.png
content/post/How Boox got me back to reading.md,../images/2022-12-23_14-02-58.png
content/post/How Boox got me back to reading.md,../images/2022-12-23_19-00-46.png
content/post/How Boox got me back to reading.md,../images/2022-12-23_19-05-34.png
content/post/How Boox got me back to reading.md,../images/2022-12-23_19-29-30.png
content/post/How Boox got me back to reading.md,../images/buy_me_a_coffee.png
content/post/How to clear the Azure Portal Recent Resources list.md,../images/2022-12-23_12-09-35.png
content/post/How to clear the Azure Portal Recent Resources list.md,../images/2022-12-23_12-12-38.png
content/post/How to clear the Azure Portal Recent Resources list.md,../images/2022-12-23_12-14-12.png
content/post/How to clear the Azure Portal Recent Resources list.md,../images/2022-12-23_12-15-15.png
content/post/How to clear the Azure Portal Recent Resources list.md,../images/buy_me_a_coffee.png
content/post/I-found-me-another-challenge.md,../images/2020-08-16_1.jpg
content/post/I-found-me-another-challenge.md,../images/2020-08-16_2.jpg
content/post/I-found-me-another-challenge.md,../images/2020-08-16_3.jpg
content/post/I-found-me-another-challenge.md,../images/2020-08-16_4.jpg
content/post/I-found-me-another-challenge.md,../images/2020-08-16_5.jpg
content/post/I-found-me-another-challenge.md,../images/2020-08-16_6.jpg
content/post/I-found-me-another-challenge.md,../images/2020-08-16_7.jpg
content/post/I-found-me-another-challenge.md,../images/2020-08-16_8.jpg
content/post/I-found-me-another-challenge.md,../images/2020-08-16_9.jpg
content/post/Innovation at Microsoft - book review.md,../images/buy_me_a_coffee.png
content/post/Innovation at Microsoft - book review.md,../images/innovation_at_microsoft.jpg
content/post/Integrating Azure App Insights for Hugo on Static Web Apps.md,../images/2022-10-29_17-25-17.png
content/post/Integrating Azure App Insights for Hugo on Static Web Apps.md,../images/2022-10-29_17-26-14.png
content/post/Integrating Azure App Insights for Hugo on Static Web Apps.md,../images/2022-10-29_17-28-31.png
content/post/Integrating Azure App Insights for Hugo on Static Web Apps.md,../images/2022-10-29_17-47-14.png
content/post/Integrating Azure App Insights for Hugo on Static Web Apps.md,../images/2022-10-29_17-48-13.png
content/post/Integrating Azure App Insights for Hugo on Static Web Apps.md,../images/2022-10-29_17-51-05.png
content/post/Integrating Azure App Insights for Hugo on Static Web Apps.md,../images/buy_me_a_coffee.png
content/post/Intro to Chaos Engineering and Azure Chaos Studio (Preview).md,../images/2023-08-25_7-46-53.png
content/post/Intro to Chaos Engineering and Azure Chaos Studio (Preview).md,../images/2023-08-25_7-59-03.png
content/post/Intro to Chaos Engineering and Azure Chaos Studio (Preview).md,../images/2023-08-25_7-59-24.png
content/post/Intro to Chaos Engineering and Azure Chaos Studio (Preview).md,../images/2023-08-25_8-00-29.png
content/post/Intro to Chaos Engineering and Azure Chaos Studio (Preview).md,../images/2023-08-25_8-03-07.png
content/post/Intro to Chaos Engineering and Azure Chaos Studio (Preview).md,../images/2023-08-25_8-04-34.png
content/post/Intro to Chaos Engineering and Azure Chaos Studio (Preview).md,../images/2023-08-25_8-04-49.png
content/post/Intro to Chaos Engineering and Azure Chaos Studio (Preview).md,../images/2023-08-25_8-05-53.png
content/post/Intro to Chaos Engineering and Azure Chaos Studio (Preview).md,../images/2023-08-25_8-06-17.png
content/post/Intro to Chaos Engineering and Azure Chaos Studio (Preview).md,../images/2023-08-25_8-06-34.png
content/post/Intro to Chaos Engineering and Azure Chaos Studio (Preview).md,../images/2023-08-25_8-06-50.png
content/post/Intro to Chaos Engineering and Azure Chaos Studio (Preview).md,../images/2023-08-25_8-07-07.png
content/post/Intro to Chaos Engineering and Azure Chaos Studio (Preview).md,../images/2023-08-25_8-07-19.png
content/post/Intro to Chaos Engineering and Azure Chaos Studio (Preview).md,../images/2023-08-25_8-07-30.png
content/post/Intro to Chaos Engineering and Azure Chaos Studio (Preview).md,../images/2023-08-25_8-08-56.png
content/post/Intro to Chaos Engineering and Azure Chaos Studio (Preview).md,../images/2023-08-25_8-09-28.png
content/post/Intro to Chaos Engineering and Azure Chaos Studio (Preview).md,../images/2023-08-25_8-09-56.png
content/post/Intro to Chaos Engineering and Azure Chaos Studio (Preview).md,../images/2023-08-25_8-10-35.png
content/post/Intro to Chaos Engineering and Azure Chaos Studio (Preview).md,../images/2023-08-25_8-12-55.png
content/post/Intro to Chaos Engineering and Azure Chaos Studio (Preview).md,../images/2023-08-25_8-13-51.png
content/post/Intro to Chaos Engineering and Azure Chaos Studio (Preview).md,../images/2023-08-25_8-14-23.png
content/post/Intro to Chaos Engineering and Azure Chaos Studio (Preview).md,../images/2023-08-27_17-30-26.png
content/post/Intro to Chaos Engineering and Azure Chaos Studio (Preview).md,../images/2023-08-27_17-33-17.png
content/post/Intro to Chaos Engineering and Azure Chaos Studio (Preview).md,../images/buy_me_a_coffee.png
content/post/Intro to Chaos Engineering and Azure Chaos Studio (Preview).md,../images/chaos_monkey_logo.png
content/post/Introduction to Semantic Kernel.md,../images/buy_me_a_coffee.png
content/post/Packt Book Review - Azure Architecture Explained.md,../images/2023-12-10_10-54-01.png
content/post/Packt Book Review - Azure Architecture Explained.md,../images/buy_me_a_coffee.png
content/post/Packt Book Review - Azure for Business Decision Makers.md,../images/2023-10-22_10-40-06.png
content/post/Packt Book Review - Azure for Business Decision Makers.md,../images/buy_me_a_coffee.png
content/post/Packt Book Review - Azure for Developers.md,../images/azure_for_developers.png
content/post/Packt Book Review - Azure for Developers.md,../images/buy_me_a_coffee.png
content/post/Packt Book Review - Data Science in .NET with Polyglot Notebooks.md,../images/2024-12-07-01.jpg
content/post/Packt Book Review - Data Science in .NET with Polyglot Notebooks.md,../images/buy_me_a_coffee.png
content/post/Packt book review - Blazor WASM with gRPC.md,../images/2022-12-17_10-12-08.png
content/post/Packt book review - Blazor WASM with gRPC.md,../images/buy_me_a_coffee.png
content/post/Renewing expired AKS Service Principal.md,../images/2021-03-23_01.png
content/post/Renewing expired AKS Service Principal.md,../images/2021-03-23_02.png
content/post/Renewing expired AKS Service Principal.md,../images/2021-03-23_03.png
content/post/Renewing expired AKS Service Principal.md,../images/2021-03-23_04.png
content/post/Renewing expired AKS Service Principal.md,../images/2021-03-23_05.png
content/post/Running your Hugo site on Azure Static WebApps.md,../images/20200521_1.jpg
content/post/Running your Hugo site on Azure Static WebApps.md,../images/20200521_10.jpg
content/post/Running your Hugo site on Azure Static WebApps.md,../images/20200521_11.jpg
content/post/Running your Hugo site on Azure Static WebApps.md,../images/20200521_2.jpg
content/post/Running your Hugo site on Azure Static WebApps.md,../images/20200521_3.jpg
content/post/Running your Hugo site on Azure Static WebApps.md,../images/20200521_4.jpg
content/post/Running your Hugo site on Azure Static WebApps.md,../images/20200521_5.jpg
content/post/Running your Hugo site on Azure Static WebApps.md,../images/20200521_6.jpg
content/post/Running your Hugo site on Azure Static WebApps.md,../images/20200521_7.jpg
content/post/Running your Hugo site on Azure Static WebApps.md,../images/20200521_8.jpg
content/post/Running your Hugo site on Azure Static WebApps.md,../images/20200521_9.jpg
content/post/Running your Hugo site on Azure Static WebApps.md,../images/buy_me_a_coffee.png
content/post/Sending Emails from ADO Pipelines using PowerShell.md,../images/2024-03-03_11-24-15.png
content/post/Sending Emails from ADO Pipelines using PowerShell.md,../images/2024-03-03_11-42-02.png
content/post/Sending Emails from ADO Pipelines using PowerShell.md,../images/2024-03-03_11-47-25.png
content/post/Sending Emails from ADO Pipelines using PowerShell.md,../images/buy_me_a_coffee.png
content/post/Spotify disappointed me with AI Artists.md,../images/breakingrust.png
content/post/Spotify disappointed me with AI Artists.md,../images/buy_me_a_coffee.png
content/post/Spotify disappointed me with AI Artists.md,../images/dontplaytheartist.png
content/post/Spotify disappointed me with AI Artists.md,../images/sonsoflegion.png
content/post/Steps for Blazor Marvel - WebAssembly.md,../images//0170c39b8c1b92ea9ab0a98c9b5d9c6b.png
content/post/Steps for Blazor Marvel - WebAssembly.md,../images//04aa07efd434de84b30d012b6fb9ba8a.png
content/post/Steps for Blazor Marvel - WebAssembly.md,../images//07a00ae95a0f1548ac84f149b11ccd34.png
content/post/Steps for Blazor Marvel - WebAssembly.md,../images//17346fd8ca00d8cb076bf965ffe1860f.png
content/post/Steps for Blazor Marvel - WebAssembly.md,../images//1bd1ddddd3602c3ba2d84b540da393aa.png
content/post/Steps for Blazor Marvel - WebAssembly.md,../images//206d69e62ef3c84e6ba58653a5dcc975.png
content/post/Steps for Blazor Marvel - WebAssembly.md,../images//2203f41bba0a5cd31dbcf283685239b5.png
content/post/Steps for Blazor Marvel - WebAssembly.md,../images//291538dda0fbb66c1ccc93f67b3ed263.png
content/post/Steps for Blazor Marvel - WebAssembly.md,../images//33d3c7a7c6df44851c787ad147d4904e.png
content/post/Steps for Blazor Marvel - WebAssembly.md,../images//346d3ff20756116b64f5b9a3bb0b7a89.png
content/post/Steps for Blazor Marvel - WebAssembly.md,../images//3910c87d613034cbd0c9ed1392dfda7b.png
content/post/Steps for Blazor Marvel - WebAssembly.md,../images//39ff9a003fca6aac2471b8027c6ed5b8.png
content/post/Steps for Blazor Marvel - WebAssembly.md,../images//3ab85373e56d2621ce4fa9bffb9e1323.png
content/post/Steps for Blazor Marvel - WebAssembly.md,../images//3bb34b057bc24ab07c3280a90a41e829.png
content/post/Steps for Blazor Marvel - WebAssembly.md,../images//4082873f68fc45f018526dcce23ec2b7.png
content/post/Steps for Blazor Marvel - WebAssembly.md,../images//420cbce0770a41dc39ddf2184948363e.png
content/post/Steps for Blazor Marvel - WebAssembly.md,../images//445529556f9af96a20cecb08dee76707.png
content/post/Steps for Blazor Marvel - WebAssembly.md,../images//44856923dff937c6cad7d953b046c1bd.png
content/post/Steps for Blazor Marvel - WebAssembly.md,../images//46aac649d4ecfb4be03d1ce021141274.png
content/post/Steps for Blazor Marvel - WebAssembly.md,../images//4877892754490f536f9fdb606c2973a0.png
content/post/Steps for Blazor Marvel - WebAssembly.md,../images//4d09932a92c0b020a566940e79741aeb.png
content/post/Steps for Blazor Marvel - WebAssembly.md,../images//4e3fc2454745fe4f43d837e2d8b90d16.png
content/post/Steps for Blazor Marvel - WebAssembly.md,../images//4f749b51a5d1bdf6d51e81f614c8d72a.png
content/post/Steps for Blazor Marvel - WebAssembly.md,../images//51bf9482699dc85b868b603bab0406d8.png
content/post/Steps for Blazor Marvel - WebAssembly.md,../images//57bc3634f004877c8cff9942d9e6e8d3.png
content/post/Steps for Blazor Marvel - WebAssembly.md,../images//5c72b7d3cc9b8e66fc444fee5ba3f502.png
content/post/Steps for Blazor Marvel - WebAssembly.md,../images//6113286c6b043494da253117ca059980.png
content/post/Steps for Blazor Marvel - WebAssembly.md,../images//635e278b2df728255f471d3f68c03c92.png
content/post/Steps for Blazor Marvel - WebAssembly.md,../images//6a1218295f8c2dea8ab453ff28c81d62.png
content/post/Steps for Blazor Marvel - WebAssembly.md,../images//6a58c2be63ed4f27902531e43cb740c8.png
content/post/Steps for Blazor Marvel - WebAssembly.md,../images//6ace0a137db04fd541e730b90bf18a42.png
content/post/Steps for Blazor Marvel - WebAssembly.md,../images//6effed869888d90dae9a5854cc8fb133.png
content/post/Steps for Blazor Marvel - WebAssembly.md,../images//71e0fdcd38b8f4e3df22af93a6c04215.png
content/post/Steps for Blazor Marvel - WebAssembly.md,../images//756a5b2424f865b6cf86eefab8492d2e.png
content/post/Steps for Blazor Marvel - WebAssembly.md,../images//765fda402ec958a1267c45c8d15592df.png
content/post/Steps for Blazor Marvel - WebAssembly.md,../images//77d4a8f23696d726c85a0a73bb377649.png
content/post/Steps for Blazor Marvel - WebAssembly.md,../images//7840c5de3eda79f2d196079bc0081756.png
content/post/Steps for Blazor Marvel - WebAssembly.md,../images//7ce7af6f54af8a7aee9535ff23b92e47.png
content/post/Steps for Blazor Marvel - WebAssembly.md,../images//7d89901490cd8ae277355c130085551f.png
content/post/Steps for Blazor Marvel - WebAssembly.md,../images//88a6f657a0adfca57021b3606066f8db.png
content/post/Steps for Blazor Marvel - WebAssembly.md,../images//934083c32d1deed78048f9f953f85869.png
content/post/Steps for Blazor Marvel - WebAssembly.md,../images//97f08b3e40277869ee85a42fa0d2a343.png
content/post/Steps for Blazor Marvel - WebAssembly.md,../images//9883c08decac6bffde5cb763539b953f.png
content/post/Steps for Blazor Marvel - WebAssembly.md,../images//a0423ea6058f8059f67f3a6ffbe83568.png
content/post/Steps for Blazor Marvel - WebAssembly.md,../images//a224d0544320ffa737cfaf56b90d8fad.png
content/post/Steps for Blazor Marvel - WebAssembly.md,../images//a27435fbce5013ef1f6b578f99e7178b.png
content/post/Steps for Blazor Marvel - WebAssembly.md,../images//a7dd9d49c1402deb787b6ab792a0fb38.png
content/post/Steps for Blazor Marvel - WebAssembly.md,../images//a825fa81178e7264d2e102fc9fd6cc2b.png
content/post/Steps for Blazor Marvel - WebAssembly.md,../images//aac3e147fb9372f56413cd14c4789d98.png
content/post/Steps for Blazor Marvel - WebAssembly.md,../images//aebf1488e59ba401c5c69708ed8b2958.png
content/post/Steps for Blazor Marvel - WebAssembly.md,../images//b2a599d62eb62f38570ce2865d97a8a0.png
content/post/Steps for Blazor Marvel - WebAssembly.md,../images//b3aab53a282e9d00b58ba5c91e81afa0.png
content/post/Steps for Blazor Marvel - WebAssembly.md,../images//b69f2fa62103c959395f9f79d243cb08.png
content/post/Steps for Blazor Marvel - WebAssembly.md,../images//ba208857aa01b6d744c79606a7a76b53.png
content/post/Steps for Blazor Marvel - WebAssembly.md,../images//be893ab65370d88766953389372a0361.png
content/post/Steps for Blazor Marvel - WebAssembly.md,../images//d0be33cb6858972b3c00724c40f485e3.png
content/post/Steps for Blazor Marvel - WebAssembly.md,../images//d9276771ac7e7f6fb7800724605797cc.png
content/post/Steps for Blazor Marvel - WebAssembly.md,../images//d9552cc8c4ec1ff4e0f2e32a767a4f42.png
content/post/Steps for Blazor Marvel - WebAssembly.md,../images//da5cda0e73ed46fcc4274becc2f4a30e.png
content/post/Steps for Blazor Marvel - WebAssembly.md,../images//dc2d3620ce75ab09c4a69cca0d6abca5.png
content/post/Steps for Blazor Marvel - WebAssembly.md,../images//e28cd81c4d68ae3560000e3a047e15f9.png
content/post/Steps for Blazor Marvel - WebAssembly.md,../images//e5009d941ff5ecfac46d8dc3eb5005e5.png
content/post/Steps for Blazor Marvel - WebAssembly.md,../images//ed9d515c32722c11a5710d74544947ff.png
content/post/Steps for Blazor Marvel - WebAssembly.md,../images//fc2a542cfdbca3fb86519841f3f53999.png
content/post/Steps for Blazor Marvel - WebAssembly.md,../images/buy_me_a_coffee.png
content/post/Steps for Blazor Marvel - WebAssembly.md,@($
content/post/Steps for Blazor Marvel - WebAssembly.md,@($
content/post/Terraform-Panic-Error.md,../images/2020-09-06_01.jpg
content/post/Terraform-Panic-Error.md,../images/2020-09-06_02.jpg
content/post/Terraform-Panic-Error.md,../images/2020-09-06_03.jpg
content/post/Terraform-Panic-Error.md,../images/2020-09-06_04.jpg
content/post/Terraform-Panic-Error.md,../images/2020-09-06_05.jpg
content/post/Terraform-Panic-Error.md,../images/buy_me_a_coffee.png
content/post/The Art of realizing SRE on Azure.md,../images/Cover_Art_of_SRE.png
content/post/The-labyrinth-of-Azure-IAC.md,../images/Azure_Spring_Clean_Logo.jpg
content/post/The-labyrinth-of-Azure-IAC.md,../images/armoverview.png
content/post/The-labyrinth-of-Azure-IAC.md,../images/buy_me_a_coffee.png
content/post/The-labyrinth-of-Azure-IAC.md,../images/iac_diagram.png
content/post/The-labyrinth-of-Azure-IAC.md,../images/pulumi_logo.png
content/post/The-labyrinth-of-Azure-IAC.md,../images/terraform_logo.png
content/post/Trigger YAML Pipeline from Classic Release in ADO.md,../images/2023-09-30_18-38-32.png
content/post/Trigger YAML Pipeline from Classic Release in ADO.md,../images/2023-09-30_18-43-12.png
content/post/Trigger YAML Pipeline from Classic Release in ADO.md,../images/2023-09-30_18-44-00.png
content/post/Trigger YAML Pipeline from Classic Release in ADO.md,../images/2023-09-30_18-46-45.png
content/post/Trigger YAML Pipeline from Classic Release in ADO.md,../images/2023-09-30_18-48-09.png
content/post/Trigger YAML Pipeline from Classic Release in ADO.md,../images/2023-09-30_18-50-53.png
content/post/Trigger YAML Pipeline from Classic Release in ADO.md,../images/2023-09-30_18-51-56.png
content/post/Trigger YAML Pipeline from Classic Release in ADO.md,../images/buy_me_a_coffee.png
content/post/Upgrading_AKS_in_20min.md,../images/2021-06-17_01.png
content/post/Upgrading_AKS_in_20min.md,../images/2021-06-17_02.png
content/post/Upgrading_AKS_in_20min.md,../images/2021-06-17_03.png
content/post/Upgrading_AKS_in_20min.md,../images/2021-06-17_04.png
content/post/Upgrading_AKS_in_20min.md,../images/2021-06-17_05.png
content/post/Upgrading_AKS_in_20min.md,../images/buy_me_a_coffee.png
content/post/Use_Docker_Edge_to_deploy_ACI.md,../images/2020-07-05-01.jpg
content/post/Use_Docker_Edge_to_deploy_ACI.md,../images/2020-07-05-02.jpg
content/post/Use_Docker_Edge_to_deploy_ACI.md,../images/2020-07-05-03.jpg
content/post/Use_Docker_Edge_to_deploy_ACI.md,../images/2020-07-05-04.jpg
content/post/Use_Docker_Edge_to_deploy_ACI.md,../images/2020-07-05-05.jpg
content/post/Use_Docker_Edge_to_deploy_ACI.md,../images/2020-07-05-06.jpg
content/post/Use_Docker_Edge_to_deploy_ACI.md,../images/2020-07-05-07.jpg
content/post/Use_Docker_Edge_to_deploy_ACI.md,../images/2020-07-05-08.jpg
content/post/Use_Docker_Edge_to_deploy_ACI.md,../images/2020-07-05-09.jpg
content/post/Use_Docker_Edge_to_deploy_ACI.md,../images/2020-07-05-10.jpg
content/post/Use_Docker_Edge_to_deploy_ACI.md,../images/2020-07-05-11.jpg
content/post/Use_Docker_Edge_to_deploy_ACI.md,../images/2020-07-05-11b.jpg
content/post/Use_Docker_Edge_to_deploy_ACI.md,../images/2020-07-05-12.jpg
content/post/Use_Docker_Edge_to_deploy_ACI.md,../images/2020-07-05-13.jpg
content/post/Use_Docker_Edge_to_deploy_ACI.md,../images/2020-07-05-15.jpg
content/post/Use_Docker_Edge_to_deploy_ACI.md,../images/2020-07-05-18.jpg
content/post/Use_Docker_Edge_to_deploy_ACI.md,../images/2020-07-05-19.jpg
content/post/Use_Docker_Edge_to_deploy_ACI.md,../images/2020-07-05-20.jpg
content/post/Use_Docker_Edge_to_deploy_ACI.md,../images/2020-07-05-21.jpg
content/post/Use_Docker_Edge_to_deploy_ACI.md,../images/2020-07-05-23.jpg
content/post/Use_Docker_Edge_to_deploy_ACI.md,../images/2020-07-05-24.jpg
content/post/Use_Docker_Edge_to_deploy_ACI.md,../images/2020-07-05-25.jpg
content/post/Use_Docker_Edge_to_deploy_ACI.md,../images/2020-07-05-26.jpg
content/post/Use_Docker_Edge_to_deploy_ACI.md,../images/2020-07-05-27.jpg
content/post/Use_Docker_Edge_to_deploy_ACI.md,../images/2020-07-05-28.jpg
content/post/Use_Docker_Edge_to_deploy_ACI.md,../images/2020-07-05-29.jpg
content/post/Use_Docker_Edge_to_deploy_ACI.md,../images/2020-07-05-31.jpg
content/post/Use_Docker_Edge_to_deploy_ACI.md,../images/buy_me_a_coffee.png
content/post/Using GitHub Copilot Agent Mode to transform ARM templates to BICEP.md,../images/2025-07-04-bicep-azure-yaml.png
content/post/Using GitHub Copilot Agent Mode to transform ARM templates to BICEP.md,../images/2025-07-04-bicep-conversion.png
content/post/Using GitHub Copilot Agent Mode to transform ARM templates to BICEP.md,../images/2025-07-04-bicep-error.png
content/post/Using GitHub Copilot Agent Mode to transform ARM templates to BICEP.md,../images/2025-07-04-bicep-main.png
content/post/Using GitHub Copilot Agent Mode to transform ARM templates to BICEP.md,../images/2025-07-04-bicep-templatelinks.png
content/post/Using GitHub Copilot Agent Mode to transform ARM templates to BICEP.md,../images/2025-07-04-bicep.png
content/post/Using GitHub Copilot Agent Mode to transform ARM templates to BICEP.md,../images/2025-07-04-continue.png
content/post/Using GitHub Copilot Agent Mode to transform ARM templates to BICEP.md,../images/2025-07-04-prompt.png
content/post/Using GitHub Copilot Agent Mode to transform ARM templates to BICEP.md,../images/2025-07-04-readme.png
content/post/Using GitHub Copilot Agent Mode to transform ARM templates to BICEP.md,../images/2025-07-04-ready.png
content/post/Using GitHub Copilot Agent Mode to transform ARM templates to BICEP.md,../images/2025-07-04-start-filecheck.png
content/post/Using GitHub Copilot Agent Mode to transform ARM templates to BICEP.md,../images/2025-07-04-start.png
content/post/Using GitHub Copilot Agent Mode to transform ARM templates to BICEP.md,../images/2025-07-04-taskvalidation.png
content/post/Using GitHub Copilot Agent Mode to transform ARM templates to BICEP.md,../images/2025-07-04-taskvalidation1.png
content/post/Using GitHub Copilot Agent Mode to transform ARM templates to BICEP.md,../images/2025-07-04-templates-list.png
content/post/Using GitHub Copilot Agent Mode to transform ARM templates to BICEP.md,../images/2025-07-04-templates.png
content/post/Using GitHub Copilot Agent Mode to transform ARM templates to BICEP.md,../images/2025-07-04-works.png
content/post/Using GitHub Copilot Agent Mode to transform ARM templates to BICEP.md,../images/buy_me_a_coffee.png
content/post/Using GitHub Copilot Agent Mode to transform ARM templates to BICEP.md,../images2025-07-04-bicep-error.png
content/post/Using GitHub Copilot Agent Mode to vibe code a Python shooting game.md,../images/Screenshot2025-11-29-104211.png
content/post/Using GitHub Copilot Agent Mode to vibe code a Python shooting game.md,../images/Screenshot2025-11-29-104237.png
content/post/Using GitHub Copilot Agent Mode to vibe code a Python shooting game.md,../images/Screenshot2025-11-29-104336.png
content/post/Using GitHub Copilot Agent Mode to vibe code a Python shooting game.md,../images/Screenshot2025-11-29-104353.png
content/post/Using GitHub Copilot Agent Mode to vibe code a Python shooting game.md,../images/Screenshot2025-11-29-104413.png
content/post/Using GitHub Copilot Agent Mode to vibe code a Python shooting game.md,../images/Screenshot2025-11-29-104424.png
content/post/Using GitHub Copilot Agent Mode to vibe code a Python shooting game.md,../images/Screenshot2025-11-29-104503.png
content/post/Using GitHub Copilot Agent Mode to vibe code a Python shooting game.md,../images/buy_me_a_coffee.png
content/post/You do not have permissions error after publishing to Azure App Services.md,../images/2023-04-30_11-25-45.png
content/post/You do not have permissions error after publishing to Azure App Services.md,../images/2023-04-30_11-30-12.png
content/post/You do not have permissions error after publishing to Azure App Services.md,../images/2023-04-30_11-32-06.png
content/post/You do not have permissions error after publishing to Azure App Services.md,../images/2023-04-30_11-33-49.png
content/post/You do not have permissions error after publishing to Azure App Services.md,../images/2023-04-30_11-37-59.png
content/post/You do not have permissions error after publishing to Azure App Services.md,../images/2023-04-30_11-41-07.png
content/post/You do not have permissions error after publishing to Azure App Services.md,../images/2023-04-30_11-43-46.png
content/post/You do not have permissions error after publishing to Azure App Services.md,../images/2023-04-30_11-44-43.png
content/post/You do not have permissions error after publishing to Azure App Services.md,../images/2023-04-30_12-21-49.png
content/post/You do not have permissions error after publishing to Azure App Services.md,../images/buy_me_a_coffee.png
content/post/____Template___.md,../images/buy_me_a_coffee.png
content/post/azure_devops-pipelines-yaml_or_classic_designer.md,../images/2020-06-21_1.jpg
content/post/azure_devops-pipelines-yaml_or_classic_designer.md,../images/2020-06-21_2.jpg
content/post/azure_devops-pipelines-yaml_or_classic_designer.md,../images/2020-06-21_3.jpg
content/post/bing-wallpaper.md,../images/20200419.jpg
content/post/email-is-html-gone-logicapps.md,../images/20200510_01.jpg
content/post/email-is-html-gone-logicapps.md,../images/20200510_03.jpg
content/post/email-is-html-gone-logicapps.md,../images/20200510_04.jpg
content/post/email-is-html-gone-logicapps.md,../images/20200510_05.jpg
content/post/email-is-html-gone-logicapps.md,../images/20200510_06.jpg
content/post/email-is-html-gone-logicapps.md,../images/20200510_07.jpg
content/post/email-is-html-gone-logicapps.md,../images/20200510_08.jpg
content/post/email-is-html-gone-logicapps.md,../images/20200510_09.jpg
content/post/email-is-html-gone-logicapps.md,../images/20200510_10.jpg
content/post/hashicorp-ambassador.md,../images/2021-04-17_01.png
content/post/hashicorp-ambassador.md,../images/HC_ambassador_badge_2021.png
content/post/hashicorp-ambassador.md,../images/buy_me_a_coffee.png
content/post/how-to-delete-an-aks-pod.md,../images/2020-06-06_1.jpg
content/post/how-to-delete-an-aks-pod.md,../images/2020-06-06_1.jpg
content/post/how-to-delete-an-aks-pod.md,../images/2020-06-06_2.jpg
content/post/how-to-delete-an-aks-pod.md,../images/2020-06-06_3.jpg
content/post/how-to-delete-an-aks-pod.md,../images/2020-06-06_4.jpg
content/post/how-to-delete-an-aks-pod.md,../images/2020-06-06_5.jpg
content/post/how-to-delete-an-aks-pod.md,../images/2020-06-06_6.jpg
content/post/how-to-delete-an-aks-pod.md,../images/buy_me_a_coffee.png
content/post/hugo_site_statistics_app_insights.md,../images/AppInsights_create.jpg
content/post/hugo_site_statistics_app_insights.md,../images/AppInsights_endtoend.jpg
content/post/hugo_site_statistics_app_insights.md,../images/AppInsights_events.jpg
content/post/hugo_site_statistics_app_insights.md,../images/AppInsights_eventstatistics.jpg
content/post/hugo_site_statistics_app_insights.md,../images/AppInsights_head.jpg
content/post/hugo_site_statistics_app_insights.md,../images/AppInsights_head_code.jpg
content/post/hugo_site_statistics_app_insights.md,../images/AppInsights_initial.jpg
content/post/hugo_site_statistics_app_insights.md,../images/AppInsights_new.jpg
content/post/hugo_site_statistics_app_insights.md,../images/AppInsights_relateditems.jpg
content/post/hugo_site_statistics_app_insights.md,../images/AppInsights_session_timeline.jpg
content/post/hugo_site_statistics_app_insights.md,../images/AppInsights_telemetry_search.jpg
content/post/hugo_site_statistics_app_insights.md,../images/AppInsights_usagemenu.jpg
content/post/hugo_site_statistics_app_insights.md,../images/AppInsights_userstatistics.jpg
content/post/hugo_site_statistics_app_insights.md,../images/AppInsights_userstatistics_7days.jpg
content/post/hugo_site_statistics_app_insights.md,../images/AppInsights_userstatistics_7days_bycountry.jpg
content/post/hugo_site_statistics_app_insights.md,../images/AppInsights_userstatistics_7days_bysession.jpg
content/post/hugo_site_statistics_app_insights.md,../images/buy_me_a_coffee.png
content/post/keeping-mcp-config-in-sync-between-vscode-and-cli.md,../images/buy_me_a_coffee.png
content/post/migrate-docker-desktop-to-wsl2.md,../images/2020-05-30_1.jpg
content/post/migrate-docker-desktop-to-wsl2.md,../images/2020-05-30_10.jpg
content/post/migrate-docker-desktop-to-wsl2.md,../images/2020-05-30_11.jpg
content/post/migrate-docker-desktop-to-wsl2.md,../images/2020-05-30_11.jpg
content/post/migrate-docker-desktop-to-wsl2.md,../images/2020-05-30_13.jpg
content/post/migrate-docker-desktop-to-wsl2.md,../images/2020-05-30_14.jpg
content/post/migrate-docker-desktop-to-wsl2.md,../images/2020-05-30_15.jpg
content/post/migrate-docker-desktop-to-wsl2.md,../images/2020-05-30_16.jpg
content/post/migrate-docker-desktop-to-wsl2.md,../images/2020-05-30_17.jpg
content/post/migrate-docker-desktop-to-wsl2.md,../images/2020-05-30_2.jpg
content/post/migrate-docker-desktop-to-wsl2.md,../images/2020-05-30_3.jpg
content/post/migrate-docker-desktop-to-wsl2.md,../images/2020-05-30_4.jpg
content/post/migrate-docker-desktop-to-wsl2.md,../images/2020-05-30_5.jpg
content/post/migrate-docker-desktop-to-wsl2.md,../images/2020-05-30_6.jpg
content/post/migrate-docker-desktop-to-wsl2.md,../images/2020-05-30_7.jpg
content/post/migrate-docker-desktop-to-wsl2.md,../images/2020-05-30_8.jpg
content/post/migrate-docker-desktop-to-wsl2.md,../images/2020-05-30_9.jpg
content/post/migrate-docker-desktop-to-wsl2.md,../images/buy_me_a_coffee.png
content/post/new-azure-book-selfpublish.md,../images/Efficiently_migrating_cover.png
content/post/publish your first dotnet5 app to Azure App Services.md,../images/2020-11-10_01.png
content/post/publish your first dotnet5 app to Azure App Services.md,../images/2020-11-10_02.png
content/post/publish your first dotnet5 app to Azure App Services.md,../images/2020-11-10_03.png
content/post/publish your first dotnet5 app to Azure App Services.md,../images/2020-11-10_04.png
content/post/publish your first dotnet5 app to Azure App Services.md,../images/2020-11-10_05.png
content/post/publish your first dotnet5 app to Azure App Services.md,../images/2020-11-10_06.png
content/post/publish your first dotnet5 app to Azure App Services.md,../images/2020-11-10_07.png
content/post/publish your first dotnet5 app to Azure App Services.md,../images/2020-11-10_08.png
content/post/publish your first dotnet5 app to Azure App Services.md,../images/2020-11-10_09.png
content/post/publish your first dotnet5 app to Azure App Services.md,../images/2020-11-10_10.png
content/post/publish your first dotnet5 app to Azure App Services.md,../images/2020-11-10_11.png
content/post/publish your first dotnet5 app to Azure App Services.md,../images/2020-11-10_12.png
content/post/publish your first dotnet5 app to Azure App Services.md,../images/2020-11-10_13.png
content/post/publish your first dotnet5 app to Azure App Services.md,../images/buy_me_a_coffee.png
content/post/static_site_frontdoor.md,../images/05bb2f48f1c1bee0ae764d49091af439.png
content/post/static_site_frontdoor.md,../images/0d0288e06468bf95eef55d84319b4779.png
content/post/static_site_frontdoor.md,../images/14f88a3b7039829707d8554123c90446.png
content/post/static_site_frontdoor.md,../images/15348e19823d218073622c2ad1d33a85.png
content/post/static_site_frontdoor.md,../images/1596f2f6245b11f77e1f015ccee25132.png
content/post/static_site_frontdoor.md,../images/15c5386d0f516f7d962190ab03ef0f33.png
content/post/static_site_frontdoor.md,../images/1d16b85ebc152aa6151b80d32f20f8fc.png
content/post/static_site_frontdoor.md,../images/27d6a761b4d8f4eac5c3354396a012d9.png
content/post/static_site_frontdoor.md,../images/29b3bf76e5985c924a4d34b8bce99534.png
content/post/static_site_frontdoor.md,../images/3adb6b6fe63c5d3b400002ec82fc57c0.png
content/post/static_site_frontdoor.md,../images/42664ef200baaba643f1b2a2832f54d3.png
content/post/static_site_frontdoor.md,../images/565bab36676bd1051cbc8704739d411c.png
content/post/static_site_frontdoor.md,../images/69dd6f63be627b49c4025e65391e576f.png
content/post/static_site_frontdoor.md,../images/6aa9ef304612ae212993e78b6b13c3be.png
content/post/static_site_frontdoor.md,../images/71edd780841d608544d3b134324169f1.png
content/post/static_site_frontdoor.md,../images/743118c78771c96ab4a3f4a789657b0a.png
content/post/static_site_frontdoor.md,../images/83de2dac4629565e87046375967a4083.png
content/post/static_site_frontdoor.md,../images/9caad132a444ecffe99993db19408b6f.png
content/post/static_site_frontdoor.md,../images/9f5298aa673cca90e805a0d6f867bb04.png
content/post/static_site_frontdoor.md,../images/a54714b64e47fe120a93e7c9816820ef.png
content/post/static_site_frontdoor.md,../images/a88a69c694df0070def2e01955798c82.png
content/post/static_site_frontdoor.md,../images/adba042bcb3a432b0565977892192ef0.png
content/post/static_site_frontdoor.md,../images/af6560448b8aedfd88cc90a09c578e0b.png
content/post/static_site_frontdoor.md,../images/b7ce47a54f1e3c7dece7af37254e2801.png
content/post/static_site_frontdoor.md,../images/b974c9bcf68e1038dd47d28f18f7e3b3.png
content/post/static_site_frontdoor.md,../images/bbbe6b0b6c9b1705b42a8828fdd6c92a.png
content/post/static_site_frontdoor.md,../images/bcc174bb593b0f381d8151603b7aa80c.png
content/post/static_site_frontdoor.md,../images/c81aaa41313e8c591ea97ed212d9f84e.png
content/post/static_site_frontdoor.md,../images/cab37ce38896f5a9b23e70937b3f22bb.png
content/post/static_site_frontdoor.md,../images/cbdf079922dc9d6d3da53edf49fff4e6.png
content/post/static_site_frontdoor.md,../images/d3aba47e0c41fc62ce610dcc1432c662.png
content/post/static_site_frontdoor.md,../images/d532da99e266f79d5ee2d9138b7a7a90.png
content/post/static_site_frontdoor.md,../images/d75ecb379ea92cafccb4c27849acd3c7.png
content/post/static_site_frontdoor.md,../images/f01559119805d70472c83f81a614e686.png
content/post/static_site_frontdoor.md,../images/fc7a9f15ac268781c1506e8a597d201a.png
content/post/static_site_frontdoor.md,../images/hugo-logo-wide.svg
content/post/the-weird-case-of-visualstudio2019-dockerfile.md,../images/2020-11-22_01.jpg
content/post/the-weird-case-of-visualstudio2019-dockerfile.md,../images/2020-11-22_02.jpg
content/post/the-weird-case-of-visualstudio2019-dockerfile.md,../images/2020-11-22_03.jpg
content/post/the-weird-case-of-visualstudio2019-dockerfile.md,../images/2020-11-22_04.jpg
content/post/the-weird-case-of-visualstudio2019-dockerfile.md,../images/2020-11-22_05.jpg
content/post/the-weird-case-of-visualstudio2019-dockerfile.md,../images/2020-11-22_06.jpg
content/post/the-weird-case-of-visualstudio2019-dockerfile.md,../images/buy_me_a_coffee.png
content/post/use-bing-wallpaper-as-background-in-teams.md,../images/20200510B_01.jpg
content/post/use-bing-wallpaper-as-background-in-teams.md,../images/20200510B_02.jpg
content/post/use-bing-wallpaper-as-background-in-teams.md,../images/20200510B_03.jpg
content/post/use-bing-wallpaper-as-background-in-teams.md,../images/20200510B_04.jpg
content/post/use-bing-wallpaper-as-background-in-teams.md,../images/20200510B_05.jpg
content/post/use-bing-wallpaper-as-background-in-teams.md,../images/20200510B_06.jpg
content/post/use-bing-wallpaper-as-background-in-teams.md,../images/20200510B_07.jpg
content/post/use-bing-wallpaper-as-background-in-teams.md,../images/20200510B_08.jpg
content/post/using Packt Credits for free books.md,../images/2022-11-12_11-11-06.png
content/post/using Packt Credits for free books.md,../images/2022-11-12_11-11-21.png
content/post/using Packt Credits for free books.md,../images/2022-11-12_11-13-04.png
content/post/using Packt Credits for free books.md,../images/2022-11-12_11-13-22.png
content/post/using Packt Credits for free books.md,../images/2022-11-12_11-13-41.png
content/post/using Packt Credits for free books.md,../images/2022-11-12_11-13-50.png
content/post/using Packt Credits for free books.md,../images/2022-11-12_11-14-28.png
content/post/using Packt Credits for free books.md,../images/2022-11-12_11-14-47.png
content/post/using Packt Credits for free books.md,../images/2022-11-12_11-15-18.png
content/post/using Packt Credits for free books.md,../images/buy_me_a_coffee.png
